<?xml version="1.0" encoding="UTF-8" standalone="no"?>
<?fileVersion 4.0.0?>

<cproject storage_type_id="org.eclipse.cdt.core.XmlProjectDescriptionStorage">
	<storageModule moduleId="org.eclipse.cdt.core.settings">
		<cconfiguration id="cdt.managedbuild.toolchain.gnu.base.521400627">
			<storageModule buildSystemId="org.eclipse.cdt.managedbuilder.core.configurationDataProvider" id="cdt.managedbuild.toolchain.gnu.base.521400627" moduleId="org.eclipse.cdt.core.settings" name="Default">
				<externalSettings/>
				<extensions>
					<extension id="org.eclipse.cdt.core.ELF" point="org.eclipse.cdt.core.BinaryParser"/>
					<extension id="org.eclipse.cdt.core.GCCErrorParser" point="org.eclipse.cdt.core.ErrorParser"/>
					<extension id="org.eclipse.cdt.core.GASErrorParser" point="org.eclipse.cdt.core.ErrorParser"/>
					<extension id="org.eclipse.cdt.core.GLDErrorParser" point="org.eclipse.cdt.core.ErrorParser"/>
					<extension id="org.eclipse.cdt.core.GmakeErrorParser" point="org.eclipse.cdt.core.ErrorParser"/>
					<extension id="org.eclipse.cdt.core.CWDLocator" point="org.eclipse.cdt.core.ErrorParser"/>
				</extensions>
			</storageModule>
			<storageModule moduleId="cdtBuildSystem" version="4.0.0">
				<configuration artifactName="HM" buildProperties="" description="" id="cdt.managedbuild.toolchain.gnu.base.521400627" name="Default" parent="org.eclipse.cdt.build.core.emptycfg">
					<folderInfo id="cdt.managedbuild.toolchain.gnu.base.521400627.1589457155" name="/" resourcePath="">
						<toolChain id="cdt.managedbuild.toolchain.gnu.base.1526218680" name="cdt.managedbuild.toolchain.gnu.base" superClass="cdt.managedbuild.toolchain.gnu.base">
							<targetPlatform archList="all" binaryParser="org.eclipse.cdt.core.ELF" id="cdt.managedbuild.target.gnu.platform.base.1070174461" name="Debug Platform" osList="linux,hpux,aix,qnx" superClass="cdt.managedbuild.target.gnu.platform.base"/>
							<builder buildPath="${workspace_loc:}/${ProjName}/build/linux" id="cdt.managedbuild.target.gnu.builder.base.303360531" keepEnvironmentInBuildfile="false" managedBuildOn="false" name="Gnu Make Builder" parallelBuildOn="true" parallelizationNumber="3" stopOnErr="false" superClass="cdt.managedbuild.target.gnu.builder.base"/>
							<tool id="cdt.managedbuild.tool.gnu.archiver.base.1865065310" name="GCC Archiver" superClass="cdt.managedbuild.tool.gnu.archiver.base"/>
							<tool id="cdt.managedbuild.tool.gnu.cpp.compiler.base.1692200948" name="GCC C++ Compiler" superClass="cdt.managedbuild.tool.gnu.cpp.compiler.base">
								<inputType id="cdt.managedbuild.tool.gnu.cpp.compiler.input.1474024573" superClass="cdt.managedbuild.tool.gnu.cpp.compiler.input"/>
							</tool>
							<tool id="cdt.managedbuild.tool.gnu.c.compiler.base.1377965043" name="GCC C Compiler" superClass="cdt.managedbuild.tool.gnu.c.compiler.base">
								<inputType id="cdt.managedbuild.tool.gnu.c.compiler.input.1723893286" superClass="cdt.managedbuild.tool.gnu.c.compiler.input"/>
							</tool>
							<tool id="cdt.managedbuild.tool.gnu.c.linker.base.1887435720" name="GCC C Linker" superClass="cdt.managedbuild.tool.gnu.c.linker.base"/>
							<tool id="cdt.managedbuild.tool.gnu.cpp.linker.base.239564785" name="GCC C++ Linker" superClass="cdt.managedbuild.tool.gnu.cpp.linker.base">
								<inputType id="cdt.managedbuild.tool.gnu.cpp.linker.input.747702219" superClass="cdt.managedbuild.tool.gnu.cpp.linker.input">
									<additionalInput kind="additionalinputdependency" paths="$(USER_OBJS)"/>
									<additionalInput kind="additionalinput" paths="$(LIBS)"/>
								</inputType>
							</tool>
							<tool id="cdt.managedbuild.tool.gnu.assembler.base.105114263" name="GCC Assembler" superClass="cdt.managedbuild.tool.gnu.assembler.base">
								<inputType id="cdt.managedbuild.tool.gnu.assembler.input.418556763" superClass="cdt.managedbuild.tool.gnu.assembler.input"/>
							</tool>
						</toolChain>
					</folderInfo>
				</configuration>
			</storageModule>
			<storageModule moduleId="org.eclipse.cdt.core.externalSettings"/>
			<storageModule moduleId="org.eclipse.cdt.internal.ui.text.commentOwnerProjectMappings"/>
			<storageModule moduleId="org.eclipse.cdt.core.language.mapping"/>
		</cconfiguration>
		<cconfiguration id="cdt.managedbuild.toolchain.gnu.base.521400627.1122785760">
			<storageModule buildSystemId="org.eclipse.cdt.managedbuilder.core.configurationDataProvider" id="cdt.managedbuild.toolchain.gnu.base.521400627.1122785760" moduleId="org.eclipse.cdt.core.settings" name="Release">
				<externalSettings/>
				<extensions>
					<extension id="org.eclipse.cdt.core.ELF" point="org.eclipse.cdt.core.BinaryParser"/>
					<extension id="org.eclipse.cdt.core.GCCErrorParser" point="org.eclipse.cdt.core.ErrorParser"/>
					<extension id="org.eclipse.cdt.core.GASErrorParser" point="org.eclipse.cdt.core.ErrorParser"/>
					<extension id="org.eclipse.cdt.core.GLDErrorParser" point="org.eclipse.cdt.core.ErrorParser"/>
					<extension id="org.eclipse.cdt.core.GmakeErrorParser" point="org.eclipse.cdt.core.ErrorParser"/>
					<extension id="org.eclipse.cdt.core.CWDLocator" point="org.eclipse.cdt.core.ErrorParser"/>
				</extensions>
			</storageModule>
			<storageModule moduleId="cdtBuildSystem" version="4.0.0">
				<configuration artifactName="HM" buildProperties="" description="" id="cdt.managedbuild.toolchain.gnu.base.521400627.1122785760" name="Release" parent="org.eclipse.cdt.build.core.emptycfg">
					<folderInfo id="cdt.managedbuild.toolchain.gnu.base.521400627.1122785760." name="/" resourcePath="">
						<toolChain id="cdt.managedbuild.toolchain.gnu.base.941850140" name="cdt.managedbuild.toolchain.gnu.base" superClass="cdt.managedbuild.toolchain.gnu.base">
							<targetPlatform archList="all" binaryParser="org.eclipse.cdt.core.ELF" id="cdt.managedbuild.target.gnu.platform.base.570056820" name="Debug Platform" osList="linux,hpux,aix,qnx" superClass="cdt.managedbuild.target.gnu.platform.base"/>
							<builder buildPath="${workspace_loc:}/${ProjName}/build/linux" id="cdt.managedbuild.target.gnu.builder.base.1205969576" incrementalBuildTarget="release" keepEnvironmentInBuildfile="false" managedBuildOn="false" name="Gnu Make Builder" superClass="cdt.managedbuild.target.gnu.builder.base"/>
							<tool id="cdt.managedbuild.tool.gnu.archiver.base.419981059" name="GCC Archiver" superClass="cdt.managedbuild.tool.gnu.archiver.base"/>
							<tool id="cdt.managedbuild.tool.gnu.cpp.compiler.base.1468586530" name="GCC C++ Compiler" superClass="cdt.managedbuild.tool.gnu.cpp.compiler.base">
								<inputType id="cdt.managedbuild.tool.gnu.cpp.compiler.input.1380809592" superClass="cdt.managedbuild.tool.gnu.cpp.compiler.input"/>
							</tool>
							<tool id="cdt.managedbuild.tool.gnu.c.compiler.base.2080920992" name="GCC C Compiler" superClass="cdt.managedbuild.tool.gnu.c.compiler.base">
								<inputType id="cdt.managedbuild.tool.gnu.c.compiler.input.906164461" superClass="cdt.managedbuild.tool.gnu.c.compiler.input"/>
							</tool>
							<tool id="cdt.managedbuild.tool.gnu.c.linker.base.1417941276" name="GCC C Linker" superClass="cdt.managedbuild.tool.gnu.c.linker.base"/>
							<tool id="cdt.managedbuild.tool.gnu.cpp.linker.base.993562450" name="GCC C++ Linker" superClass="cdt.managedbuild.tool.gnu.cpp.linker.base">
								<inputType id="cdt.managedbuild.tool.gnu.cpp.linker.input.1181959465" superClass="cdt.managedbuild.tool.gnu.cpp.linker.input">
									<additionalInput kind="additionalinputdependency" paths="$(USER_OBJS)"/>
									<additionalInput kind="additionalinput" paths="$(LIBS)"/>
								</inputType>
							</tool>
							<tool id="cdt.managedbuild.tool.gnu.assembler.base.1616904926" name="GCC Assembler" superClass="cdt.managedbuild.tool.gnu.assembler.base">
								<inputType id="cdt.managedbuild.tool.gnu.assembler.input.594859024" superClass="cdt.managedbuild.tool.gnu.assembler.input"/>
							</tool>
						</toolChain>
					</folderInfo>
				</configuration>
			</storageModule>
			<storageModule moduleId="org.eclipse.cdt.core.externalSettings"/>
			<storageModule moduleId="org.eclipse.cdt.internal.ui.text.commentOwnerProjectMappings"/>
			<storageModule moduleId="org.eclipse.cdt.core.language.mapping"/>
		</cconfiguration>
		<cconfiguration id="cdt.managedbuild.toolchain.gnu.base.521400627.1841936818">
			<storageModule buildSystemId="org.eclipse.cdt.managedbuilder.core.configurationDataProvider" id="cdt.managedbuild.toolchain.gnu.base.521400627.1841936818" moduleId="org.eclipse.cdt.core.settings" name="Debug">
				<externalSettings/>
				<extensions>
					<extension id="org.eclipse.cdt.core.ELF" point="org.eclipse.cdt.core.BinaryParser"/>
					<extension id="org.eclipse.cdt.core.GCCErrorParser" point="org.eclipse.cdt.core.ErrorParser"/>
					<extension id="org.eclipse.cdt.core.GASErrorParser" point="org.eclipse.cdt.core.ErrorParser"/>
					<extension id="org.eclipse.cdt.core.GLDErrorParser" point="org.eclipse.cdt.core.ErrorParser"/>
					<extension id="org.eclipse.cdt.core.GmakeErrorParser" point="org.eclipse.cdt.core.ErrorParser"/>
					<extension id="org.eclipse.cdt.core.CWDLocator" point="org.eclipse.cdt.core.ErrorParser"/>
				</extensions>
			</storageModule>
			<storageModule moduleId="cdtBuildSystem" version="4.0.0">
				<configuration artifactName="HM" buildProperties="" description="" id="cdt.managedbuild.toolchain.gnu.base.521400627.1841936818" name="Debug" parent="org.eclipse.cdt.build.core.emptycfg">
					<folderInfo id="cdt.managedbuild.toolchain.gnu.base.521400627.1841936818." name="/" resourcePath="">
						<toolChain id="cdt.managedbuild.toolchain.gnu.base.92180794" name="cdt.managedbuild.toolchain.gnu.base" superClass="cdt.managedbuild.toolchain.gnu.base">
							<targetPlatform archList="all" binaryParser="org.eclipse.cdt.core.ELF" id="cdt.managedbuild.target.gnu.platform.base.1739497298" name="Debug Platform" osList="linux,hpux,aix,qnx" superClass="cdt.managedbuild.target.gnu.platform.base"/>
							<builder buildPath="${workspace_loc:}/${ProjName}/build/linux" id="cdt.managedbuild.target.gnu.builder.base.538875865" incrementalBuildTarget="debug" keepEnvironmentInBuildfile="false" managedBuildOn="false" name="Gnu Make Builder" superClass="cdt.managedbuild.target.gnu.builder.base"/>
							<tool id="cdt.managedbuild.tool.gnu.archiver.base.1027985338" name="GCC Archiver" superClass="cdt.managedbuild.tool.gnu.archiver.base"/>
							<tool id="cdt.managedbuild.tool.gnu.cpp.compiler.base.418565259" name="GCC C++ Compiler" superClass="cdt.managedbuild.tool.gnu.cpp.compiler.base">
								<inputType id="cdt.managedbuild.tool.gnu.cpp.compiler.input.740162987" superClass="cdt.managedbuild.tool.gnu.cpp.compiler.input"/>
							</tool>
							<tool id="cdt.managedbuild.tool.gnu.c.compiler.base.1577556745" name="GCC C Compiler" superClass="cdt.managedbuild.tool.gnu.c.compiler.base">
								<inputType id="cdt.managedbuild.tool.gnu.c.compiler.input.866758036" superClass="cdt.managedbuild.tool.gnu.c.compiler.input"/>
							</tool>
							<tool id="cdt.managedbuild.tool.gnu.c.linker.base.1386401723" name="GCC C Linker" superClass="cdt.managedbuild.tool.gnu.c.linker.base"/>
							<tool id="cdt.managedbuild.tool.gnu.cpp.linker.base.378790356" name="GCC C++ Linker" superClass="cdt.managedbuild.tool.gnu.cpp.linker.base">
								<inputType id="cdt.managedbuild.tool.gnu.cpp.linker.input.749934366" superClass="cdt.managedbuild.tool.gnu.cpp.linker.input">
									<additionalInput kind="additionalinputdependency" paths="$(USER_OBJS)"/>
									<additionalInput kind="additionalinput" paths="$(LIBS)"/>
								</inputType>
							</tool>
							<tool id="cdt.managedbuild.tool.gnu.assembler.base.459153765" name="GCC Assembler" superClass="cdt.managedbuild.tool.gnu.assembler.base">
								<inputType id="cdt.managedbuild.tool.gnu.assembler.input.1722272588" superClass="cdt.managedbuild.tool.gnu.assembler.input"/>
							</tool>
						</toolChain>
					</folderInfo>
				</configuration>
			</storageModule>
			<storageModule moduleId="org.eclipse.cdt.core.externalSettings"/>
			<storageModule moduleId="org.eclipse.cdt.internal.ui.text.commentOwnerProjectMappings"/>
			<storageModule moduleId="org.eclipse.cdt.core.language.mapping"/>
		</cconfiguration>
	</storageModule>
	<storageModule moduleId="cdtBuildSystem" version="4.0.0">
		<project id="HM.null.1881189133" name="HM"/>
	</storageModule>
	<storageModule moduleId="refreshScope"/>
	<storageModule moduleId="scannerConfiguration">
		<autodiscovery enabled="true" problemReportingEnabled="true" selectedProfileId=""/>
		<profile id="org.eclipse.cdt.make.core.GCCStandardMakePerProjectProfile">
			<buildOutputProvider>
				<openAction enabled="true" filePath=""/>
				<parser enabled="true"/>
			</buildOutputProvider>
			<scannerInfoProvider id="specsFile">
				<runAction arguments="-E -P -v -dD ${plugin_state_location}/${specs_file}" command="gcc" useDefault="true"/>
				<parser enabled="true"/>
			</scannerInfoProvider>
		</profile>
		<profile id="org.eclipse.cdt.make.core.GCCStandardMakePerFileProfile">
			<buildOutputProvider>
				<openAction enabled="true" filePath=""/>
				<parser enabled="true"/>
			</buildOutputProvider>
			<scannerInfoProvider id="makefileGenerator">
				<runAction arguments="-f ${project_name}_scd.mk" command="make" useDefault="true"/>
				<parser enabled="true"/>
			</scannerInfoProvider>
		</profile>
		<profile id="org.eclipse.cdt.managedbuilder.core.GCCManagedMakePerProjectProfile">
			<buildOutputProvider>
				<openAction enabled="true" filePath=""/>
				<parser enabled="true"/>
			</buildOutputProvider>
			<scannerInfoProvider id="specsFile">
				<runAction arguments="-E -P -v -dD ${plugin_state_location}/${specs_file}" command="gcc" useDefault="true"/>
				<parser enabled="true"/>
			</scannerInfoProvider>
		</profile>
		<profile id="org.eclipse.cdt.managedbuilder.core.GCCManagedMakePerProjectProfileCPP">
			<buildOutputProvider>
				<openAction enabled="true" filePath=""/>
				<parser enabled="true"/>
			</buildOutputProvider>
			<scannerInfoProvider id="specsFile">
				<runAction arguments="-E -P -v -dD ${plugin_state_location}/specs.cpp" command="g++" useDefault="true"/>
				<parser enabled="true"/>
			</scannerInfoProvider>
		</profile>
		<profile id="org.eclipse.cdt.managedbuilder.core.GCCManagedMakePerProjectProfileC">
			<buildOutputProvider>
				<openAction enabled="true" filePath=""/>
				<parser enabled="true"/>
			</buildOutputProvider>
			<scannerInfoProvider id="specsFile">
				<runAction arguments="-E -P -v -dD ${plugin_state_location}/specs.c" command="gcc" useDefault="true"/>
				<parser enabled="true"/>
			</scannerInfoProvider>
		</profile>
		<scannerConfigBuildInfo instanceId="cdt.managedbuild.toolchain.gnu.base.521400627;cdt.managedbuild.toolchain.gnu.base.521400627.1589457155;cdt.managedbuild.tool.gnu.c.compiler.base.1377965043;cdt.managedbuild.tool.gnu.c.compiler.input.1723893286">
			<autodiscovery enabled="true" problemReportingEnabled="true" selectedProfileId="org.eclipse.cdt.managedbuilder.core.GCCManagedMakePerProjectProfileC"/>
			<profile id="org.eclipse.cdt.make.core.GCCStandardMakePerProjectProfile">
				<buildOutputProvider>
					<openAction enabled="true" filePath=""/>
					<parser enabled="true"/>
				</buildOutputProvider>
				<scannerInfoProvider id="specsFile">
					<runAction arguments="-E -P -v -dD ${plugin_state_location}/${specs_file}" command="gcc" useDefault="true"/>
					<parser enabled="true"/>
				</scannerInfoProvider>
			</profile>
			<profile id="org.eclipse.cdt.make.core.GCCStandardMakePerFileProfile">
				<buildOutputProvider>
					<openAction enabled="true" filePath=""/>
					<parser enabled="true"/>
				</buildOutputProvider>
				<scannerInfoProvider id="makefileGenerator">
					<runAction arguments="-f ${project_name}_scd.mk" command="make" useDefault="true"/>
					<parser enabled="true"/>
				</scannerInfoProvider>
			</profile>
			<profile id="org.eclipse.cdt.managedbuilder.core.GCCManagedMakePerProjectProfile">
				<buildOutputProvider>
					<openAction enabled="true" filePath=""/>
					<parser enabled="true"/>
				</buildOutputProvider>
				<scannerInfoProvider id="specsFile">
					<runAction arguments="-E -P -v -dD ${plugin_state_location}/${specs_file}" command="gcc" useDefault="true"/>
					<parser enabled="true"/>
				</scannerInfoProvider>
			</profile>
			<profile id="org.eclipse.cdt.managedbuilder.core.GCCManagedMakePerProjectProfileCPP">
				<buildOutputProvider>
					<openAction enabled="true" filePath=""/>
					<parser enabled="true"/>
				</buildOutputProvider>
				<scannerInfoProvider id="specsFile">
					<runAction arguments="-E -P -v -dD ${plugin_state_location}/specs.cpp" command="g++" useDefault="true"/>
					<parser enabled="true"/>
				</scannerInfoProvider>
			</profile>
			<profile id="org.eclipse.cdt.managedbuilder.core.GCCManagedMakePerProjectProfileC">
				<buildOutputProvider>
					<openAction enabled="true" filePath=""/>
					<parser enabled="true"/>
				</buildOutputProvider>
				<scannerInfoProvider id="specsFile">
					<runAction arguments="-E -P -v -dD ${plugin_state_location}/specs.c" command="gcc" useDefault="true"/>
					<parser enabled="true"/>
				</scannerInfoProvider>
			</profile>
		</scannerConfigBuildInfo>
		<scannerConfigBuildInfo instanceId="cdt.managedbuild.toolchain.gnu.base.521400627;cdt.managedbuild.toolchain.gnu.base.521400627.1589457155;cdt.managedbuild.tool.gnu.cpp.compiler.base.1692200948;cdt.managedbuild.tool.gnu.cpp.compiler.input.1474024573">
			<autodiscovery enabled="true" problemReportingEnabled="true" selectedProfileId="org.eclipse.cdt.managedbuilder.core.GCCManagedMakePerProjectProfileCPP"/>
			<profile id="org.eclipse.cdt.make.core.GCCStandardMakePerProjectProfile">
				<buildOutputProvider>
					<openAction enabled="true" filePath=""/>
					<parser enabled="true"/>
				</buildOutputProvider>
				<scannerInfoProvider id="specsFile">
					<runAction arguments="-E -P -v -dD ${plugin_state_location}/${specs_file}" command="gcc" useDefault="true"/>
					<parser enabled="true"/>
				</scannerInfoProvider>
			</profile>
			<profile id="org.eclipse.cdt.make.core.GCCStandardMakePerFileProfile">
				<buildOutputProvider>
					<openAction enabled="true" filePath=""/>
					<parser enabled="true"/>
				</buildOutputProvider>
				<scannerInfoProvider id="makefileGenerator">
					<runAction arguments="-f ${project_name}_scd.mk" command="make" useDefault="true"/>
					<parser enabled="true"/>
				</scannerInfoProvider>
			</profile>
			<profile id="org.eclipse.cdt.managedbuilder.core.GCCManagedMakePerProjectProfile">
				<buildOutputProvider>
					<openAction enabled="true" filePath=""/>
					<parser enabled="true"/>
				</buildOutputProvider>
				<scannerInfoProvider id="specsFile">
					<runAction arguments="-E -P -v -dD ${plugin_state_location}/${specs_file}" command="gcc" useDefault="true"/>
					<parser enabled="true"/>
				</scannerInfoProvider>
			</profile>
			<profile id="org.eclipse.cdt.managedbuilder.core.GCCManagedMakePerProjectProfileCPP">
				<buildOutputProvider>
					<openAction enabled="true" filePath=""/>
					<parser enabled="true"/>
				</buildOutputProvider>
				<scannerInfoProvider id="specsFile">
					<runAction arguments="-E -P -v -dD ${plugin_state_location}/specs.cpp" command="g++" useDefault="true"/>
					<parser enabled="true"/>
				</scannerInfoProvider>
			</profile>
			<profile id="org.eclipse.cdt.managedbuilder.core.GCCManagedMakePerProjectProfileC">
				<buildOutputProvider>
					<openAction enabled="true" filePath=""/>
					<parser enabled="true"/>
				</buildOutputProvider>
				<scannerInfoProvider id="specsFile">
					<runAction arguments="-E -P -v -dD ${plugin_state_location}/specs.c" command="gcc" useDefault="true"/>
					<parser enabled="true"/>
				</scannerInfoProvider>
			</profile>
		</scannerConfigBuildInfo>
	</storageModule>
</cproject>
